<?xml version="1.0" encoding="UTF-8"?>
<project-private xmlns="http://www.netbeans.org/ns/project-private/1">
    <editor-bookmarks xmlns="http://www.netbeans.org/ns/editor-bookmarks/2" lastBookmarkId="0"/>
    <open-files xmlns="http://www.netbeans.org/ns/projectui-open-files/2">
        <group name="AplicacionJavaDI">
            <file>file:/D:/Users/AntonioLópezMielgo/Documents/NetBeansProjects/aplicacionFCT/src/aplicacionFCT/gui/pantallaPrincipal.java</file>
        </group>
        <group name="Acceso a datos">
            <file>file:/C:/Users/anton/Documents/NetBeansProjects/di/aplicacionFCT/src/aplicacionFCT/gui/RegistroEmpresas.java</file>
            <file>file:/C:/Users/anton/Documents/NetBeansProjects/di/aplicacionFCT/src/aplicacionFCT/gui/RegistroAlumno.java</file>
            <file>file:/C:/Users/anton/Documents/NetBeansProjects/di/aplicacionFCT/src/aplicacionFCT/gui/DatosAlumnos.java</file>
            <file>file:/C:/Users/anton/Documents/NetBeansProjects/di/aplicacionFCT/src/aplicacionFCT/gui/DatosEmpresas.java</file>
            <file>file:/C:/Users/anton/Documents/NetBeansProjects/di/aplicacionFCT/src/aplicacionFCT/gui/pantallaPrincipal.java</file>
        </group>
        <group name="aplicacionFCT">
            <file>file:/D:/Users/AntonioLópezMielgo/Documents/NetBeansProjects/aplicacionFCT/src/aplicacionFCT/gui/pantallaPrincipal.java</file>
            <file>file:/D:/Users/AntonioLópezMielgo/Documents/NetBeansProjects/aplicacionFCT/src/aplicacionFCT/gui/DatosAlumnos.java</file>
            <file>file:/D:/Users/AntonioLópezMielgo/Documents/NetBeansProjects/aplicacionFCT/src/aplicacionFCT/gui/iniciarSesion.java</file>
        </group>
        <group name="di">
            <file>file:/C:/Users/anton/Desktop/AplicacionesJava/Aplicaciones%20Java/aplicacionFCT/src/aplicacionFCT/gui/pantallaPrincipal.java</file>
            <file>file:/C:/Users/anton/Desktop/AplicacionesJava/Aplicaciones%20Java/aplicacionFCT/src/aplicacionFCT/gui/RegistroAlumno.java</file>
            <file>file:/C:/Users/anton/Desktop/AplicacionesJava/Aplicaciones%20Java/aplicacionFCT/src/aplicacionFCT/gui/iniciarSesion.java</file>
            <file>file:/C:/Users/anton/Desktop/AplicacionesJava/Aplicaciones%20Java/aplicacionFCT/src/aplicacionFCT/gui/DatosEmpresas.java</file>
            <file>file:/C:/Users/anton/Desktop/AplicacionesJava/Aplicaciones%20Java/aplicacionFCT/src/aplicacionFCT/gui/RegistroEmpresas.java</file>
            <file>file:/C:/Users/anton/Desktop/AplicacionesJava/Aplicaciones%20Java/aplicacionFCT/src/aplicacionFCT/gui/DatosAlumnos.java</file>
            <file>file:/C:/Users/anton/Desktop/AplicacionesJava/Aplicaciones%20Java/aplicacionFCT/src/aplicacionFCT/dto/Alumno.java</file>
        </group>
    </open-files>
</project-private>
